Folder Name,Jobs Unique to GETSOLUTION,Jobs Unique to ResequenceSolution,Jobs Relocated,Jobs Retained,Order Changed,Total Distance (km) (GetSolution),Total Distance (km) (ResequenceSolution),Summary Total Distance (km) (Delta),Total Time (GetSolution),Total Time (ResequenceSolution),Summary Total Time (Delta),Duty Time (GetSolution),Duty Time (ResequenceSolution),Summary Duty Time (Delta),Number of Vehicles Used (GetSolution),Number of Vehicles Used (ResequenceSolution),Summary Number of Vehicles Used (Delta),Delay Time (GetSolution),Delay Time (ResequenceSolution),Summary Delay Time (Delta),Number of JobIds (GetSolution),Number of JobIds (ResequenceSolution),Summary Number of JobIds (Delta),Violations (GetSolution),Violations (ResequenceSolution),Summary Violations (Delta),List of VehicleIds (GetSolution),List of VehicleIds (ResequenceSolution),Summary List of VehicleIds (Delta),Number of Stops (GetSolution),Number of Stops (ResequenceSolution),Summary Number of Stops (Delta)
206951,"['D-040523EF79', 'C-040523EF79']",[],[],"['C-040523EF77', 'D-040523EF89', 'D-040523EF92', 'D-040523EF84', 'D-040523EF78', 'C-040523EF81', 'C-040523EF78', 'C-040523EF85', 'D-040523EF80', 'C-040523EF90', 'C-040523EF91', 'D-040523EF81', 'D-040523EF91', 'D-040523EF87', 'D-040523EF76', 'C-040523EF88', 'D-040523EF77', 'C-040523EF82', 'C-040523EF92', 'D-040523EF90', 'C-040523EF93', 'D-040523EF88', 'C-040523EF89', 'D-040523EF82', 'C-040523EF86', 'C-040523EF94', 'D-040523EF86', 'D-040523EF93', 'C-040523EF76', 'Depot', 'D-040523EF94', 'C-040523EF80', 'C-040523EF87', 'C-040523EF83', 'D-040523EF85', 'D-040523EF83', 'C-040523EF84']",True,154.77100000000002,102.465,-52.30600000000001,0 days 02:36:17,0 days 01:41:01,0.0,0 days 05:55:00,0 days 05:37:30,0.0,1,1,0.0,{'Vehicle1': datetime.timedelta(0)},{'Vehicle1': datetime.timedelta(0)},0.0,39,37,-2.0,[],[],0.0,['Vehicle1'],['Vehicle1'],0.0,17,16,-1.0
206962,[],"['D-040523RO24', 'C-040523RO24']",[],"['D-040523RO25', 'D-040523RO19', 'C-040523RO25', 'D-040523RO20', 'D-040523RO31', 'C-040523RO30', 'C-040523RO17', 'D-040523RO22', 'D-040523RO27', 'C-040523RO22', 'C-040523RO26', 'C-040523RO21', 'D-040523RO29', 'C-040523RO29', 'C-040523RO28', 'D-040523RO28', 'D-040523RO17', 'D-040523RO23', 'D-040523RO30', 'C-040523RO18', 'C-040523RO27', 'D-040523RO18', 'C-040523RO31', 'C-040523RO23', 'D-040523RO21', 'D-040523RO26', 'Depot', 'C-040523RO19', 'C-040523RO20']",True,657.906,749.644,91.73800000000006,0 days 06:10:25,0 days 06:54:38,0.0,0 days 04:30:30,0 days 04:45:00,0.0,1,1,0.0,{'Vehicle1': datetime.timedelta(0)},{'Vehicle1': datetime.timedelta(0)},0.0,29,31,2.0,[],"[{'$id': '34', 'VehicleName': 'Vehicle1', 'ShiftNumber': 0, 'Violations': [{'$id': '35', 'ViolationId': 2, 'DriverId': None, 'VehicleId': None, 'JobId': None, 'Degree': 23840001536, 'Load': None}]}]",0.0,['Vehicle1'],['Vehicle1'],0.0,15,16,1.0
206984,[],"['D-050523MA31', 'C-050523MA31', 'D-050523MA32', 'C-050523MA32']",[],"['D-050523MA26', 'C-050523MA28', 'D-050523MA37', 'C-050523MA26', 'D-050523MA25', 'C-050523MA27', 'D-050523MA34', 'D-050523MA35', 'D-050523MA36', 'D-050523MA22', 'C-050523MA33', 'C-050523MA24', 'C-050523MA34', 'D-050523MA28', 'C-050523MA21', 'D-050523MA24', 'C-050523MA36', 'D-050523MA27', 'D-050523MA30', 'C-050523MA29', 'C-050523MA37', 'D-050523MA21', 'D-050523MA29', 'C-050523MA30', 'D-050523MA23', 'D-050523MA33', 'C-050523MA25', 'Depot', 'C-050523MA23', 'C-050523MA22', 'C-050523MA35']",True,234.19899999999996,373.81,139.61100000000008,0 days 02:25:48,0 days 03:36:10,0.0,0 days 04:12:30,0 days 04:46:30,0.0,1,1,0.0,{'Vehicle1': datetime.timedelta(0)},{'Vehicle1': datetime.timedelta(0)},0.0,31,35,4.0,[],"[{'$id': '39', 'VehicleName': 'Vehicle1', 'ShiftNumber': 0, 'Violations': [{'$id': '40', 'ViolationId': 8, 'DriverId': 'Driver1', 'VehicleId': None, 'JobId': None, 'Degree': 49675999648, 'Load': None}]}]",0.0,['Vehicle1'],['Vehicle1'],0.0,16,18,2.0
207014,"['D-080523EF72', 'C-080523EF72']",[],[],"['C-080523EF71', 'D-080523EF70', 'C-080523EF67', 'D-080523EF62', 'D-080523EF66', 'D-080523EF64', 'C-080523EF74', 'C-080523EF61', 'D-080523EF69', 'C-080523EF69', 'D-080523EF67', 'D-080523EF71', 'C-080523EF70', 'C-080523EF63', 'C-080523EF65', 'D-080523EF63', 'C-080523EF75', 'D-080523EF65', 'D-080523EF73', 'D-080523EF68', 'C-080523EF68', 'D-080523EF75', 'Depot', 'C-080523EF62', 'C-080523EF64', 'D-080523EF61', 'D-080523EF74', 'C-080523EF66', 'C-080523EF73']",True,189.789,117.149,-72.63999999999999,0 days 02:51:02,0 days 02:09:19,0.0,0 days 05:22:30,0 days 05:02:56,0.0,1,1,0.0,{'Vehicle1': datetime.timedelta(0)},{'Vehicle1': datetime.timedelta(0)},0.0,31,29,-2.0,[],[],0.0,['Vehicle1'],['Vehicle1'],0.0,16,15,-1.0
207023,"['D-S-196025197-1', 'D-S-196025184-1', 'C-S-196025197-1', 'C-S-196025184-1']",[],[],"['C-S-141219187-1', 'C-S-196025177-1', 'C-S-196025186-1', 'D-S-196025177-1', 'C-S-196025201-1', 'D-S-141219187-1', 'C-GI-196050783-0', 'D-S-196025186-1', 'C-S-141219500-1', 'C-GI-196050832-0', 'D-S-196025166-1', 'C-S-196025199-1', 'D-GI-196050785-0', 'D-GI-196050814-0', 'D-S-141219500-1', 'D-S-196025199-1', 'C-GI-196050829-0', 'C-GI-196050828-0', 'C-GI-196050827-0', 'C-GI-196050785-0', 'C-GI-196050818-0', 'D-GI-196050832-0', 'C-S-196025203-1', 'D-GI-196050827-0', 'C-S-196025166-1', 'C-S-141219210-1', 'D-S-196025203-1', 'D-GI-196050813-0', 'D-GI-196050783-0', 'C-GI-196050814-0', 'D-GI-196050829-0', 'D-GI-196050828-0', 'C-GI-196050813-0', 'D-GI-196050818-0', 'D-S-196025201-1', 'Depot', 'D-S-141219210-1']",True,418.5419999999999,266.308,-152.23399999999992,0 days 06:38:05,0 days 04:45:00,0.0,0 days 06:54:59,0 days 05:30:41,0.0,2,2,0.0,"{'Vehicle2': datetime.timedelta(0), 'Vehicle1': datetime.timedelta(0)}","{'Vehicle1': datetime.timedelta(0), 'Vehicle2': datetime.timedelta(0)}",0.0,41,37,-4.0,[],[],0.0,"['Vehicle2', 'Vehicle1']","['Vehicle2', 'Vehicle1']",0.0,17,15,-2.0
207036,"['D-090523EF10', 'C-090523EF10']",[],[],"['C-090523EF14', 'D-090523EF02', 'D-090523EF15', 'C-090523EF07', 'C-090523EF15', 'C-090523EF09', 'D-090523EF13', 'C-090523EF13', 'C-090523EF04', 'C-090523EF01', 'C-090523EF12', 'D-090523EF14', 'C-090523EF03', 'D-090523EF04', 'D-090523EF12', 'D-090523EF03', 'C-090523EF02', 'D-090523EF16', 'D-090523EF17', 'D-090523EF07', 'C-090523EF17', 'D-090523EF06', 'C-090523EF06', 'D-090523EF09', 'C-090523EF08', 'C-090523EF16', 'Depot', 'D-090523EF11', 'C-090523EF11', 'D-090523EF05', 'C-090523EF05', 'D-090523EF01', 'D-090523EF08']",True,110.434,51.48799999999999,-58.946000000000005,0 days 01:41:51,0 days 01:06:26,0.0,0 days 06:04:30,0 days 05:44:30,0.0,1,1,0.0,{'Vehicle1': datetime.timedelta(0)},{'Vehicle1': datetime.timedelta(0)},0.0,35,33,-2.0,[],[],0.0,['Vehicle1'],['Vehicle1'],0.0,17,16,-1.0
207095,[],"['D-100523RO27', 'C-100523RO27']",[],"['D-100523RO22', 'D-100523RO14', 'C-100523RO14', 'C-100523RO11', 'D-100523RO4', 'C-100523RO7', 'C-100523RO12', 'D-100523RO5', 'D-100523RO16', 'D-100523RO10', 'C-100523RO17', 'C-100523RO16', 'D-100523RO13', 'D-100523RO23', 'D-100523RO28', 'C-100523RO31', 'D-100523RO31', 'C-100523RO23', 'C-100523RO19', 'C-100523RO6', 'C-100523RO13', 'C-100523RO1', 'C-100523RO29', 'D-100523RO15', 'D-100523RO19', 'C-100523RO30', 'D-100523RO20', 'C-100523RO9', 'D-100523RO3', 'D-100523RO26', 'D-100523RO6', 'C-100523RO2', 'C-100523RO28', 'D-100523RO29', 'D-100523RO7', 'C-100523RO22', 'C-100523RO25', 'D-100523RO9', 'C-100523RO8', 'D-100523RO18', 'C-100523RO4', 'D-100523RO11', 'C-100523RO20', 'D-100523RO24', 'D-100523RO30', 'D-100523RO21', 'C-100523RO15', 'C-100523RO18', 'C-100523RO5', 'Depot', 'D-100523RO1', 'D-100523RO32', 'C-100523RO24', 'D-100523RO8', 'D-100523RO25', 'D-100523RO2', 'D-100523RO17', 'C-100523RO21', 'C-100523RO26', 'C-100523RO10', 'C-100523RO3', 'C-100523RO32', 'D-100523RO12']",True,2395.2139999999995,2632.3699999999994,237.15599999999995,0 days 20:38:13,0 days 22:36:52,0.0,0 days 09:13:53,0 days 09:45:53,0.0,1,1,0.0,{'Vehicle1': datetime.timedelta(0)},{'Vehicle1': datetime.timedelta(0)},0.0,63,65,2.0,[],"[{'$id': '71', 'VehicleName': 'Vehicle1', 'ShiftNumber': 0, 'Violations': [{'$id': '72', 'ViolationId': 2, 'DriverId': None, 'VehicleId': None, 'JobId': None, 'Degree': 85830005320, 'Load': None}, {'$id': '73', 'ViolationId': 6, 'DriverId': None, 'VehicleId': None, 'JobId': 'C-100523RO27', 'Degree': 0, 'Load': {'$id': '74', 'Weight': 0.0, 'Quantity': 0.76399994, 'Volume': 0.0, 'HighPallet': 0.0}}, {'$id': '75', 'ViolationId': 6, 'DriverId': None, 'VehicleId': None, 'JobId': 'D-100523RO20', 'Degree': 0, 'Load': {'$id': '76', 'Weight': 0.0, 'Quantity': 0.51399994, 'Volume': 0.0, 'HighPallet': 0.0}}, {'$id': '77', 'ViolationId': 6, 'DriverId': None, 'VehicleId': None, 'JobId': 'D-100523RO32', 'Degree': 0, 'Load': {'$id': '78', 'Weight': 0.0, 'Quantity': 0.5039997, 'Volume': 0.0, 'HighPallet': 0.0}}]}]",0.0,['Vehicle1'],['Vehicle1'],0.0,31,32,1.0
207139,[],"['D-120523NA20', 'C-120523NA20']",[],"['C-120523NA13', 'D-120523NA13', 'D-120523NA17', 'D-120523NA12', 'Depot', 'D-120523NA16', 'C-120523NA12', 'C-120523NA18', 'C-120523NA17', 'C-120523NA16', 'D-120523NA19', 'D-120523NA18', 'C-120523NA14', 'D-120523NA14', 'C-120523NA19']",True,86.533,106.45,19.917,0 days 01:29:00,0 days 01:46:52,0.0,0 days 02:57:30,0 days 08:30:53,0.0,1,1,0.0,{'Vehicle1': datetime.timedelta(0)},{'Vehicle1': datetime.timedelta(0)},0.0,15,17,2.0,[],"[{'$id': '21', 'VehicleName': 'Vehicle1', 'ShiftNumber': 0, 'Violations': [{'$id': '22', 'ViolationId': 6, 'DriverId': None, 'VehicleId': None, 'JobId': 'C-120523NA20', 'Degree': 0, 'Load': {'$id': '23', 'Weight': 0.0, 'Quantity': 0.25, 'Volume': 0.0, 'HighPallet': 0.0}}, {'$id': '24', 'ViolationId': 8, 'DriverId': 'Driver1', 'VehicleId': None, 'JobId': None, 'Degree': 118717999936, 'Load': None}]}]",0.0,['Vehicle1'],['Vehicle1'],0.0,8,9,1.0
207186,[],[],[],"['Depot', 'D-150523EF18', 'C-150523EF20', 'C-150523EF21', 'D-150523EF16', 'D-150523EF20', 'D-150523EF21', 'C-150523EF18', 'C-150523EF19', 'D-150523EF27', 'C-150523EF17', 'D-150523EF19', 'C-150523EF27', 'C-150523EF16', 'D-150523EF17']",True,454.097,454.64699999999993,0.5499999999999545,0 days 04:03:33,0 days 04:03:23,0.0,0 days 02:25:00,0 days 02:25:00,0.0,1,1,0.0,{'Vehicle1': datetime.timedelta(0)},{'Vehicle1': datetime.timedelta(0)},0.0,15,15,0.0,[],[],0.0,['Vehicle1'],['Vehicle1'],0.0,6,6,0.0
207219,[],[],[],"['D-160523NA28', 'C-160523NA28', 'D-160523NA31', 'D-160523NA34', 'D-160523NA35', 'D-160523NA33', 'D-160523NA30', 'C-160523NA33', 'C-160523NA29', 'C-160523NA35', 'D-160523NA27', 'C-160523NA32', 'C-160523NA31', 'D-160523NA32', 'C-160523NA30', 'C-160523NA37', 'D-160523NA29', 'D-160523NA37', 'C-160523NA27', 'Depot', 'C-160523NA34']",False,152.26199999999997,148.21799999999996,-4.044000000000011,0 days 02:43:24,0 days 02:37:56,0.0,0 days 04:18:30,0 days 04:18:30,0.0,1,1,0.0,{'Vehicle1': datetime.timedelta(0)},{'Vehicle1': datetime.timedelta(0)},0.0,21,21,0.0,[],[],0.0,['Vehicle1'],['Vehicle1'],0.0,11,11,0.0
207225,[],"['D-160523EF56', 'C-160523EF56']",[],"['D-160523EF65', 'C-160523EF70', 'C-160523EF57', 'D-160523EF57', 'C-160523EF60', 'D-160523EF53', 'C-160523EF51', 'D-160523EF54', 'C-160523EF66', 'C-160523EF59', 'D-160523EF70', 'C-160523EF73', 'C-160523EF58', 'D-160523EF66', 'D-160523EF60', 'D-160523EF68', 'C-160523EF53', 'C-160523EF55', 'D-160523EF62', 'C-160523EF71', 'D-160523EF69', 'C-160523EF64', 'C-160523EF65', 'D-160523EF72', 'D-160523EF52', 'D-160523EF59', 'D-160523EF51', 'D-160523EF73', 'C-160523EF62', 'C-160523EF52', 'D-160523EF63', 'D-160523EF61', 'C-160523EF74', 'C-160523EF54', 'C-160523EF63', 'Depot', 'C-160523EF67', 'C-160523EF61', 'D-160523EF71', 'D-160523EF55', 'C-160523EF69', 'D-160523EF58', 'D-160523EF67', 'C-160523EF68', 'D-160523EF74', 'D-160523EF64', 'C-160523EF72']",True,121.45600000000002,216114.328,215992.872,0 days 02:12:56,0 days 10:36:40,0.0,0 days 06:24:30,0 days 06:42:00,0.0,1,1,0.0,{'Vehicle1': datetime.timedelta(0)},"{'Vehicle1': datetime.timedelta(days=12, seconds=25419)}",0.0,47,49,2.0,[],"[{'$id': '53', 'VehicleName': 'Vehicle1', 'ShiftNumber': 0, 'Violations': [{'$id': '54', 'ViolationId': 1, 'DriverId': None, 'VehicleId': None, 'JobId': None, 'Degree': 3442035643904, 'Load': None}, {'$id': '55', 'ViolationId': 2, 'DriverId': None, 'VehicleId': None, 'JobId': None, 'Degree': 3683235643904, 'Load': None}, {'$id': '56', 'ViolationId': 5, 'DriverId': None, 'VehicleId': None, 'JobId': 'D-160523EF56', 'Degree': 496288024832, 'Load': None}, {'$id': '57', 'ViolationId': 5, 'DriverId': None, 'VehicleId': None, 'JobId': 'D-160523EF57', 'Degree': 2457645643904, 'Load': None}, {'$id': '58', 'ViolationId': 5, 'DriverId': None, 'VehicleId': None, 'JobId': 'D-160523EF58', 'Degree': 2468035643904, 'Load': None}, {'$id': '59', 'ViolationId': 5, 'DriverId': None, 'VehicleId': None, 'JobId': 'D-160523EF54', 'Degree': 2478935643904, 'Load': None}, {'$id': '60', 'ViolationId': 5, 'DriverId': None, 'VehicleId': None, 'JobId': 'D-160523EF51', 'Degree': 2488685643904, 'Load': None}, {'$id': '61', 'ViolationId': 5, 'DriverId': None, 'VehicleId': None, 'JobId': 'D-160523EF52', 'Degree': 2490185643904, 'Load': None}, {'$id': '62', 'ViolationId': 5, 'DriverId': None, 'VehicleId': None, 'JobId': 'D-160523EF53', 'Degree': 2491685643904, 'Load': None}, {'$id': '63', 'ViolationId': 5, 'DriverId': None, 'VehicleId': None, 'JobId': 'D-160523EF55', 'Degree': 2493185643904, 'Load': None}, {'$id': '64', 'ViolationId': 5, 'DriverId': None, 'VehicleId': None, 'JobId': 'D-160523EF63', 'Degree': 2498535643904, 'Load': None}, {'$id': '65', 'ViolationId': 5, 'DriverId': None, 'VehicleId': None, 'JobId': 'D-160523EF74', 'Degree': 2513165643904, 'Load': None}, {'$id': '66', 'ViolationId': 5, 'DriverId': None, 'VehicleId': None, 'JobId': 'D-160523EF61', 'Degree': 2530075643904, 'Load': None}, {'$id': '67', 'ViolationId': 5, 'DriverId': None, 'VehicleId': None, 'JobId': 'D-160523EF64', 'Degree': 2544285643904, 'Load': None}, {'$id': '68', 'ViolationId': 5, 'DriverId': None, 'VehicleId': None, 'JobId': 'D-160523EF67', 'Degree': 2557635643904, 'Load': None}, {'$id': '69', 'ViolationId': 5, 'DriverId': None, 'VehicleId': None, 'JobId': 'D-160523EF62', 'Degree': 2573585643904, 'Load': None}, {'$id': '70', 'ViolationId': 5, 'DriverId': None, 'VehicleId': None, 'JobId': 'D-160523EF69', 'Degree': 2596345643904, 'Load': None}]}]",0.0,['Vehicle1'],['Vehicle1'],0.0,17,18,1.0
207260,"['C-170523EF114', 'D-170523EF114']",[],[],"['D-170523EF118', 'D-170523EF115', 'C-170523EF108', 'C-170523EF111', 'C-170523EF106', 'C-170523EF122', 'C-170523EF107', 'D-170523EF119', 'D-170523EF107', 'D-170523EF110', 'C-170523EF115', 'D-170523EF111', 'C-170523EF117', 'D-170523EF109', 'C-170523EF119', 'C-170523EF112', 'C-170523EF116', 'C-170523EF109', 'D-170523EF120', 'D-170523EF113', 'D-170523EF112', 'D-170523EF122', 'D-170523EF116', 'C-170523EF120', 'D-170523EF106', 'D-170523EF121', 'C-170523EF110', 'Depot', 'C-170523EF118', 'C-170523EF113', 'C-170523EF121', 'D-170523EF117', 'D-170523EF108']",True,175.122,130.01199999999997,-45.11000000000004,0 days 02:33:14,0 days 01:39:49,0.0,0 days 04:25:25,0 days 04:09:52,0.0,1,1,0.0,{'Vehicle1': datetime.timedelta(0)},{'Vehicle1': datetime.timedelta(0)},0.0,35,33,-2.0,[],[],0.0,['Vehicle1'],['Vehicle1'],0.0,13,12,-1.0
207269,[],"['D-170523MA18', 'C-170523MA18']",[],"['C-170523MA21', 'C-170523MA10', 'C-170523MA11', 'D-170523MA3', 'D-170523MA20', 'C-170523MA16', 'D-170523MA10', 'C-170523MA24', 'C-170523MA15', 'C-170523MA6', 'D-170523MA8', 'D-170523MA4', 'D-170523MA7', 'C-170523MA23', 'C-170523MA12', 'D-170523MA6', 'C-170523MA9', 'C-170523MA1', 'C-170523MA7', 'D-170523MA17', 'C-170523MA14', 'C-170523MA3', 'D-170523MA12', 'D-170523MA5', 'C-170523MA20', 'D-170523MA9', 'C-170523MA2', 'D-170523MA1', 'D-170523MA11', 'D-170523MA13', 'C-170523MA22', 'D-170523MA16', 'C-170523MA13', 'D-170523MA23', 'D-170523MA15', 'C-170523MA8', 'C-170523MA17', 'D-170523MA21', 'C-170523MA4', 'C-170523MA5', 'Depot', 'C-170523MA19', 'D-170523MA25', 'D-170523MA24', 'D-170523MA2', 'D-170523MA14', 'D-170523MA19', 'C-170523MA25', 'D-170523MA22']",True,343.286,275.718,-67.56800000000004,0 days 03:47:04,0 days 03:19:01,0.0,0 days 07:06:30,0 days 07:23:30,0.0,1,1,0.0,{'Vehicle1': datetime.timedelta(0)},{'Vehicle1': datetime.timedelta(0)},0.0,49,51,2.0,[],[],0.0,['Vehicle1'],['Vehicle1'],0.0,24,25,1.0
207284,[],[],[],"['C-180523NA14', 'D-180523NA15', 'D-180523NA13', 'D-180523NA16', 'D-180523NA17', 'Depot', 'C-180523NA15', 'C-180523NA13', 'D-180523NA19', 'D-180523NA14', 'C-180523NA19', 'C-180523NA16', 'C-180523NA17']",False,62.36999999999999,50.399,-11.97099999999999,0 days 01:11:41,0 days 00:56:46,0.0,0 days 02:42:30,0 days 02:42:30,0.0,1,1,0.0,{'Vehicle1': datetime.timedelta(0)},{'Vehicle1': datetime.timedelta(0)},0.0,13,13,0.0,[],[],0.0,['Vehicle1'],['Vehicle1'],0.0,7,7,0.0
207287,"['D-180523EF06', 'C-180523EF06']",[],[],"['C-180523EF07', 'D-180523EF04', 'C-180523EF11', 'C-180523EF05', 'C-180523EF20', 'C-180523EF04', 'C-180523EF10', 'C-180523EF18', 'C-180523EF03', 'C-180523EF14', 'D-180523EF17', 'D-180523EF09', 'D-180523EF05', 'D-180523EF13', 'C-180523EF08', 'C-180523EF15', 'D-180523EF12', 'D-180523EF16', 'C-180523EF16', 'C-180523EF09', 'D-180523EF19', 'D-180523EF08', 'D-180523EF14', 'C-180523EF02', 'D-180523EF07', 'D-180523EF03', 'C-180523EF01', 'D-180523EF02', 'C-180523EF13', 'D-180523EF15', 'C-180523EF19', 'C-180523EF12', 'Depot', 'C-180523EF17', 'D-180523EF18', 'D-180523EF01', 'D-180523EF20', 'D-180523EF11', 'D-180523EF10']",True,126.27199999999998,73.746,-52.52599999999998,0 days 02:07:15,0 days 01:32:26,0.0,0 days 06:24:30,0 days 06:52:32,0.0,1,1,0.0,{'Vehicle1': datetime.timedelta(0)},{'Vehicle1': datetime.timedelta(0)},0.0,41,39,-2.0,[],[],0.0,['Vehicle1'],['Vehicle1'],0.0,20,19,-1.0
207344,"['D-210223G01', 'C-210223G01']",[],[],['Depot'],True,63.958,0.0,-63.958,0 days 00:58:29,0 days 00:00:00,0.0,0 days 01:58:58,0 days 00:45:00,0.0,1,1,0.0,{'Vehicle3': datetime.timedelta(0)},{'Vehicle3': datetime.timedelta(0)},0.0,3,1,-2.0,[],[],0.0,['Vehicle3'],['Vehicle3'],0.0,2,1,-1.0
207351,"['D-220523EF61', 'C-220523EF61']",[],[],"['C-220523EF52', 'C-220523EF51', 'D-220523EF62', 'D-220523EF63', 'D-220523EF57', 'C-220523EF63', 'D-220523EF55', 'D-220523EF64', 'D-220523EF60', 'C-220523EF56', 'C-220523EF49', 'C-220523EF54', 'C-220523EF53', 'C-220523EF59', 'D-220523EF56', 'C-220523EF64', 'D-220523EF49', 'C-220523EF55', 'D-220523EF52', 'D-220523EF51', 'D-220523EF53', 'D-220523EF54', 'C-220523EF60', 'C-220523EF58', 'Depot', 'C-220523EF62', 'D-220523EF50', 'C-220523EF50', 'D-220523EF58', 'C-220523EF57', 'D-220523EF59']",True,148.765,59.38300000000001,-89.382,0 days 02:16:10,0 days 01:10:36,0.0,0 days 04:43:00,0 days 04:23:00,0.0,1,1,0.0,{'Vehicle1': datetime.timedelta(0)},{'Vehicle1': datetime.timedelta(0)},0.0,33,31,-2.0,[],[],0.0,['Vehicle1'],['Vehicle1'],0.0,13,12,-1.0
207353,[],[],[],"['D-220523EF78', 'D-220523EF87', 'C-220523EF81', 'D-220523EF75', 'D-220523EF79', 'D-220523EF90', 'C-220523EF86', 'C-220523EF85', 'D-220523EF77', 'C-220523EF87', 'C-220523EF89', 'D-220523EF89', 'C-220523EF83', 'C-220523EF84', 'D-220523EF88', 'C-220523EF75', 'C-220523EF76', 'D-220523EF86', 'C-220523EF91', 'D-220523EF84', 'C-220523EF78', 'D-220523EF81', 'C-220523EF77', 'C-220523EF82', 'C-220523EF79', 'C-220523EF90', 'C-220523EF88', 'D-220523EF91', 'Depot', 'D-220523EF80', 'D-220523EF76', 'D-220523EF85', 'D-220523EF82', 'C-220523EF80', 'D-220523EF83']",True,222.629,185.323,-37.30600000000004,0 days 03:13:20,0 days 02:50:29,0.0,0 days 05:20:30,0 days 05:20:30,0.0,1,1,0.0,{'Vehicle1': datetime.timedelta(0)},{'Vehicle1': datetime.timedelta(0)},0.0,35,35,0.0,[],[],0.0,['Vehicle1'],['Vehicle1'],0.0,15,15,0.0
207458,[],"['C-250523NA15', 'D-250523NA15']",[],"['C-250523NA13', 'Depot', 'D-250523NA14', 'D-250523NA13', 'C-250523NA14', 'D-250523NA12', 'C-250523NA12', 'C-250523NA11', 'D-250523NA11']",True,34.46,47.737,13.276999999999994,0 days 00:38:43,0 days 00:52:10,0.0,0 days 02:36:32,0 days 06:55:09,0.0,1,1,0.0,{'Vehicle1': datetime.timedelta(0)},{'Vehicle1': datetime.timedelta(0)},0.0,9,11,2.0,[],"[{'$id': '15', 'VehicleName': 'Vehicle1', 'ShiftNumber': 0, 'Violations': [{'$id': '16', 'ViolationId': 6, 'DriverId': None, 'VehicleId': None, 'JobId': 'C-250523NA15', 'Degree': 0, 'Load': {'$id': '17', 'Weight': 0.0, 'Quantity': 0.5, 'Volume': 0.0, 'HighPallet': 0.0}}, {'$id': '18', 'ViolationId': 8, 'DriverId': 'Driver1', 'VehicleId': None, 'JobId': None, 'Degree': 10428000000, 'Load': None}]}]",0.0,['Vehicle1'],['Vehicle1'],0.0,5,6,1.0
207568,[],[],[],"['D-290523EF20', 'C-290523EF16', 'C-290523EF18', 'D-290523EF17', 'C-290523EF21', 'C-290523EF13', 'D-290523EF16', 'C-290523EF19', 'D-290523EF18', 'D-290523EF13', 'C-290523EF15', 'D-290523EF19', 'C-290523EF20', 'D-290523EF14', 'Depot', 'C-290523EF14', 'D-290523EF21', 'C-290523EF17', 'D-290523EF15']",True,454.097,454.64699999999993,0.5499999999999545,0 days 04:03:34,0 days 04:03:23,0.0,0 days 02:30:00,0 days 02:30:00,0.0,1,1,0.0,{'Vehicle1': datetime.timedelta(0)},{'Vehicle1': datetime.timedelta(0)},0.0,19,19,0.0,[],[],0.0,['Vehicle1'],['Vehicle1'],0.0,6,6,0.0
207572,[],[],[],"['C-290523EF66', 'D-290523EF74', 'C-290523EF71', 'C-290523EF74', 'C-290523EF58', 'D-290523EF58', 'C-290523EF69', 'D-290523EF70', 'D-290523EF69', 'D-290523EF62', 'D-290523EF65', 'D-290523EF73', 'C-290523EF61', 'D-290523EF61', 'D-290523EF63', 'C-290523EF64', 'D-290523EF71', 'C-290523EF59', 'D-290523EF75', 'C-290523EF65', 'C-290523EF67', 'C-290523EF70', 'C-290523EF75', 'D-290523EF59', 'C-290523EF73', 'C-290523EF63', 'D-290523EF72', 'D-290523EF68', 'D-290523EF64', 'C-290523EF62', 'D-290523EF60', 'D-290523EF66', 'Depot', 'C-290523EF72', 'C-290523EF60', 'D-290523EF67', 'C-290523EF68']",True,276.503,271.863,-4.639999999999986,0 days 03:56:42,0 days 03:46:58,0.0,0 days 05:59:30,0 days 05:59:30,0.0,1,1,0.0,{'Vehicle1': datetime.timedelta(0)},{'Vehicle1': datetime.timedelta(0)},0.0,37,37,0.0,[],[],0.0,['Vehicle1'],['Vehicle1'],0.0,18,18,0.0
207597,[],"['C-300523EF36', 'D-300523EF36', 'C-300523EF40', 'D-300523EF40']",[],"['D-300523EF26', 'C-300523EF25', 'C-300523EF20', 'D-300523EF31', 'C-300523EF29', 'D-300523EF19', 'D-300523EF27', 'C-300523EF39', 'D-300523EF22', 'C-300523EF21', 'C-300523EF38', 'C-300523EF28', 'C-300523EF35', 'D-300523EF33', 'C-300523EF26', 'D-300523EF30', 'D-300523EF24', 'C-300523EF22', 'C-300523EF23', 'D-300523EF23', 'D-300523EF39', 'D-300523EF32', 'C-300523EF19', 'C-300523EF33', 'D-300523EF21', 'D-300523EF29', 'C-300523EF24', 'Depot', 'C-300523EF34', 'D-300523EF37', 'C-300523EF37', 'D-300523EF38', 'C-300523EF30', 'D-300523EF20', 'C-300523EF31', 'D-300523EF34', 'D-300523EF28', 'C-300523EF27', 'C-300523EF32', 'D-300523EF25', 'D-300523EF35']",True,287.368,312.0609999999999,24.692999999999927,0 days 03:26:11,0 days 03:48:32,0.0,0 days 05:33:30,0 days 06:16:00,0.0,1,1,0.0,{'Vehicle1': datetime.timedelta(0)},{'Vehicle1': datetime.timedelta(0)},0.0,41,45,4.0,[],"[{'$id': '49', 'VehicleName': 'Vehicle1', 'ShiftNumber': 0, 'Violations': [{'$id': '50', 'ViolationId': 8, 'DriverId': 'Driver1', 'VehicleId': None, 'JobId': None, 'Degree': 56807999408, 'Load': None}]}]",0.0,['Vehicle1'],['Vehicle1'],0.0,16,18,2.0
207603,"['D-300523EF138', 'C-300523EF138']",[],[],"['C-300523EF137', 'C-300523EF141', 'C-300523EF146', 'C-300523EF143', 'D-300523EF145', 'C-300523EF147', 'C-300523EF139', 'D-300523EF141', 'C-300523EF140', 'D-300523EF135', 'D-300523EF142', 'C-300523EF134', 'C-300523EF135', 'D-300523EF137', 'D-300523EF140', 'C-300523EF136', 'D-300523EF146', 'D-300523EF136', 'D-300523EF139', 'D-300523EF134', 'D-300523EF143', 'C-300523EF144', 'D-300523EF144', 'C-300523EF145', 'C-300523EF142', 'Depot', 'D-300523EF148', 'D-300523EF147', 'C-300523EF148']",True,101.438,46.17600000000001,-55.26199999999999,0 days 01:56:00,0 days 00:55:16,0.0,0 days 04:52:30,0 days 04:35:00,0.0,1,1,0.0,{'Vehicle1': datetime.timedelta(0)},{'Vehicle1': datetime.timedelta(0)},0.0,31,29,-2.0,[],[],0.0,['Vehicle1'],['Vehicle1'],0.0,14,13,-1.0
207628,[],[],[],"['C-300523CLA14', 'D-300523CLA13', 'Depot', 'D-300523CLA11', 'D-300523CLA14', 'C-300523CLA12', 'D-300523CLA15', 'D-300523CLA12', 'C-300523CLA11', 'C-300523CLA13', 'C-300523CLA15']",True,68.066,89.89800000000001,21.832000000000008,0 days 01:04:36,0 days 01:27:26,0.0,0 days 02:12:00,0 days 02:12:00,0.0,1,1,0.0,{'Vehicle1': datetime.timedelta(0)},{'Vehicle1': datetime.timedelta(0)},0.0,11,11,0.0,[],[],0.0,['Vehicle1'],['Vehicle1'],0.0,6,6,0.0
207634,[],"['D-310523EF31', 'C-310523EF31']",[],"['D-310523EF22', 'D-310523EF24', 'D-310523EF21', 'D-310523EF25', 'D-310523EF18', 'C-310523EF25', 'C-310523EF27', 'C-310523EF23', 'D-310523EF29', 'C-310523EF19', 'C-310523EF17', 'D-310523EF17', 'D-310523EF26', 'D-310523EF23', 'D-310523EF20', 'C-310523EF18', 'C-310523EF28', 'C-310523EF22', 'D-310523EF27', 'C-310523EF29', 'D-310523EF16', 'C-310523EF20', 'D-310523EF19', 'C-310523EF30', 'C-310523EF21', 'Depot', 'C-310523EF26', 'D-310523EF30', 'D-310523EF28', 'C-310523EF24', 'C-310523EF16']",True,344.9169999999999,363.815,18.898000000000025,0 days 03:56:50,0 days 04:12:05,0.0,0 days 04:54:30,0 days 05:14:30,0.0,1,1,0.0,{'Vehicle1': datetime.timedelta(0)},{'Vehicle1': datetime.timedelta(0)},0.0,31,33,2.0,[],"[{'$id': '37', 'VehicleName': 'Vehicle1', 'ShiftNumber': 0, 'Violations': [{'$id': '38', 'ViolationId': 8, 'DriverId': 'Driver1', 'VehicleId': None, 'JobId': None, 'Degree': 16035998880, 'Load': None}]}]",0.0,['Vehicle1'],['Vehicle1'],0.0,14,15,1.0
207712,"['D-020623EF73', 'C-020623EF73', 'D-020623EF74', 'C-020623EF74']",[],[],"['C-020623EF70', 'D-020623EF78', 'D-020623EF77', 'D-020623EF72', 'D-020623EF80', 'D-020623EF79', 'C-020623EF71', 'D-020623EF69', 'D-020623EF76', 'C-020623EF75', 'D-020623EF81', 'D-020623EF70', 'C-020623EF82', 'C-020623EF80', 'D-020623EF71', 'D-020623EF75', 'C-020623EF76', 'C-020623EF69', 'C-020623EF79', 'Depot', 'C-020623EF78', 'C-020623EF83', 'C-020623EF81', 'D-020623EF82', 'C-020623EF77', 'C-020623EF72', 'D-020623EF83']",True,108.94899999999998,108.94899999999998,0.0,0 days 01:28:38,0 days 01:28:38,0.0,0 days 04:10:00,0 days 04:05:00,0.0,1,1,0.0,{'Vehicle1': datetime.timedelta(0)},{'Vehicle1': datetime.timedelta(0)},0.0,31,27,-4.0,[],[],0.0,['Vehicle1'],['Vehicle1'],0.0,11,11,0.0
207717,[],[],[],"['D-020623EF149', 'D-020623EF148', 'C-020623EF151', 'Depot', 'C-020623EF149', 'D-020623EF151', 'D-020623EF150', 'C-020623EF148', 'C-020623EF150']",True,201.093,214.077,12.98399999999998,0 days 02:17:20,0 days 02:25:51,0.0,0 days 02:35:00,0 days 02:35:00,0.0,1,1,0.0,{'Vehicle1': datetime.timedelta(0)},{'Vehicle1': datetime.timedelta(0)},0.0,9,9,0.0,[],"[{'$id': '13', 'VehicleName': 'Vehicle1', 'ShiftNumber': 0, 'Violations': [{'$id': '14', 'ViolationId': 7, 'DriverId': 'Driver1', 'VehicleId': 'Vehicle1', 'JobId': None, 'Degree': 1, 'Load': None}]}]",0.0,['Vehicle1'],['Vehicle1'],0.0,3,3,0.0
207772,[],[],[],"['D-050623B03', 'D-050623B05', 'D-050623B07', 'D-050623B08', 'C-050623B02', 'D-050623B09', 'D-050623B06', 'C-050623B04', 'C-050623B08', 'C-050623B03', 'C-050623B06', 'C-050623B01', 'C-050623B07', 'D-050623B04', 'Depot', 'D-050623B02', 'D-050623B01', 'C-050623B05', 'C-050623B09']",True,126.202,134.66400000000002,8.462000000000018,0 days 01:45:40,0 days 01:53:40,0.0,0 days 04:01:28,0 days 04:23:16,0.0,1,1,0.0,{'Vehicle1': datetime.timedelta(0)},{'Vehicle1': datetime.timedelta(0)},0.0,19,19,0.0,[],[],0.0,['Vehicle1'],['Vehicle1'],0.0,9,9,0.0
207775,[],"['D-060623EF38', 'C-060623EF38', 'C-060623EF39', 'D-060623EF39']",[],"['D-060623EF20', 'C-060623EF20', 'D-060623EF18', 'C-060623EF23', 'C-060623EF21', 'D-060623EF34', 'D-060623EF30', 'C-060623EF25', 'C-060623EF22', 'C-060623EF31', 'C-060623EF30', 'D-060623EF36', 'C-060623EF15', 'C-060623EF17', 'D-060623EF22', 'C-060623EF24', 'C-060623EF36', 'D-060623EF23', 'D-060623EF16', 'D-060623EF15', 'D-060623EF25', 'D-060623EF35', 'C-060623EF35', 'C-060623EF18', 'D-060623EF21', 'D-060623EF26', 'C-060623EF32', 'D-060623EF33', 'D-060623EF24', 'D-060623EF37', 'C-060623EF33', 'C-060623EF16', 'Depot', 'D-060623EF32', 'D-060623EF31', 'D-060623EF17', 'C-060623EF37', 'C-060623EF26', 'C-060623EF34']",True,293.29600000000005,300.49100000000004,7.194999999999993,0 days 03:33:03,0 days 03:45:15,0.0,0 days 05:25:00,0 days 06:10:00,0.0,1,1,0.0,{'Vehicle1': datetime.timedelta(0)},{'Vehicle1': datetime.timedelta(0)},0.0,39,43,4.0,[],"[{'$id': '47', 'VehicleName': 'Vehicle1', 'ShiftNumber': 0, 'Violations': [{'$id': '48', 'ViolationId': 8, 'DriverId': 'Driver1', 'VehicleId': None, 'JobId': None, 'Degree': 33231999440, 'Load': None}]}]",0.0,['Vehicle1'],['Vehicle1'],0.0,16,18,2.0
207782,[],[],[],"['D-060623EF136', 'D-060623EF140', 'Depot', 'D-060623EF134', 'C-060623EF139', 'C-060623EF140', 'C-060623EF137', 'D-060623EF135', 'C-060623EF135', 'D-060623EF137', 'C-060623EF136', 'C-060623EF134', 'D-060623EF139']",True,303.465,315.16200000000003,11.69700000000006,0 days 03:10:48,0 days 03:18:11,0.0,0 days 02:49:00,0 days 02:49:00,0.0,1,1,0.0,{'Vehicle1': datetime.timedelta(0)},{'Vehicle1': datetime.timedelta(0)},0.0,13,13,0.0,[],[],0.0,['Vehicle1'],['Vehicle1'],0.0,7,7,0.0
207863,[],"['C-080623EF03', 'D-080623EF03']",[],"['C-080623EF18', 'D-080623EF04', 'C-080623EF11', 'D-080623EF06', 'D-080623EF07', 'C-080623EF09', 'C-080623EF12', 'D-080623EF21', 'C-080623EF05', 'D-080623EF02', 'D-080623EF16', 'C-080623EF15', 'C-080623EF16', 'C-080623EF02', 'D-080623EF08', 'C-080623EF01', 'D-080623EF20', 'C-080623EF21', 'D-080623EF13', 'D-080623EF12', 'D-080623EF10', 'D-080623EF01', 'C-080623EF13', 'C-080623EF10', 'C-080623EF08', 'C-080623EF20', 'C-080623EF14', 'D-080623EF05', 'C-080623EF06', 'D-080623EF15', 'D-080623EF09', 'C-080623EF07', 'D-080623EF14', 'Depot', 'D-080623EF11', 'D-080623EF18', 'C-080623EF04', 'C-080623EF19', 'D-080623EF19']",True,49.176,31.931999999999995,-17.244000000000007,0 days 01:12:57,0 days 00:51:19,0.0,0 days 05:38:00,0 days 05:40:20,0.0,1,1,0.0,{'Vehicle1': datetime.timedelta(0)},{'Vehicle1': datetime.timedelta(0)},0.0,39,41,2.0,[],[],0.0,['Vehicle1'],['Vehicle1'],0.0,16,16,0.0
207903,[],"['D-090623EF153', 'C-090623EF153']",[],"['C-090623EF147', 'D-090623EF146', 'C-090623EF150', 'D-090623EF152', 'C-090623EF151', 'C-090623EF149', 'D-090623EF150', 'D-090623EF149', 'C-090623EF142', 'C-090623EF143', 'D-090623EF148', 'D-090623EF145', 'C-090623EF152', 'C-090623EF144', 'D-090623EF143', 'D-090623EF151', 'D-090623EF144', 'C-090623EF146', 'D-090623EF147', 'D-090623EF142', 'Depot', 'C-090623EF148', 'C-090623EF145']",True,69.943,123.308,53.36500000000001,0 days 01:14:58,0 days 02:09:49,0.0,0 days 04:48:23,0 days 04:32:30,0.0,1,1,0.0,{'Vehicle1': datetime.timedelta(0)},{'Vehicle1': datetime.timedelta(0)},0.0,23,25,2.0,[],[],0.0,['Vehicle1'],['Vehicle1'],0.0,12,13,1.0
207931,[],[],[],"['D-090623CL04', 'Depot', 'C-090623CL02', 'C-090623CL04', 'D-090623CL01', 'D-090623CL03', 'C-090623CL03', 'C-090623CL01', 'D-090623CL02']",True,174.26299999999998,177.351,3.0880000000000223,0 days 01:57:30,0 days 01:57:24,0.0,0 days 02:08:00,0 days 02:08:00,0.0,1,1,0.0,{'Vehicle1': datetime.timedelta(0)},{'Vehicle1': datetime.timedelta(0)},0.0,9,9,0.0,[],[],0.0,['Vehicle1'],['Vehicle1'],0.0,5,5,0.0
207972,[],"['D-130623EF66', 'C-130623EF66']",[],"['C-130623EF64', 'C-130623EF56', 'C-130623EF60', 'C-130623EF57', 'C-130623EF58', 'D-130623EF67', 'C-130623EF68', 'C-130623EF55', 'C-130623EF67', 'D-130623EF60', 'D-130623EF57', 'D-130623EF55', 'D-130623EF58', 'C-130623EF65', 'D-130623EF61', 'D-130623EF63', 'D-130623EF65', 'D-130623EF68', 'D-130623EF56', 'C-130623EF63', 'D-130623EF62', 'C-130623EF59', 'Depot', 'D-130623EF59', 'C-130623EF62', 'D-130623EF64', 'C-130623EF61']",True,113.1,216099.205,215986.105,0 days 01:54:54,0 days 10:16:46,0.0,0 days 04:34:30,0 days 04:52:00,0.0,1,1,0.0,{'Vehicle1': datetime.timedelta(0)},"{'Vehicle1': datetime.timedelta(days=2, seconds=38149)}",0.0,27,29,2.0,[],"[{'$id': '33', 'VehicleName': 'Vehicle1', 'ShiftNumber': 0, 'Violations': [{'$id': '34', 'ViolationId': 1, 'DriverId': None, 'VehicleId': None, 'JobId': None, 'Degree': 3430108443240, 'Load': None}, {'$id': '35', 'ViolationId': 2, 'DriverId': None, 'VehicleId': None, 'JobId': None, 'Degree': 3605308443240, 'Load': None}, {'$id': '36', 'ViolationId': 5, 'DriverId': None, 'VehicleId': None, 'JobId': 'D-130623EF66', 'Degree': 534832024680, 'Load': None}, {'$id': '37', 'ViolationId': 5, 'DriverId': None, 'VehicleId': None, 'JobId': 'D-130623EF68', 'Degree': 2503898443240, 'Load': None}, {'$id': '38', 'ViolationId': 5, 'DriverId': None, 'VehicleId': None, 'JobId': 'D-130623EF67', 'Degree': 2526778443240, 'Load': None}]}]",0.0,['Vehicle1'],['Vehicle1'],0.0,13,14,1.0
208012,[],[],[],"['C-130623B03', 'C-130623B01', 'D-130623B02', 'Depot', 'C-130623B04', 'D-130623B03', 'C-130623B02', 'D-130623B01', 'D-130623B04']",True,92.316,107.62,15.304000000000016,0 days 01:14:29,0 days 01:30:46,0.0,0 days 02:42:43,0 days 02:05:19,0.0,1,1,0.0,{'Vehicle1': datetime.timedelta(0)},{'Vehicle1': datetime.timedelta(0)},0.0,9,9,0.0,[],[],0.0,['Vehicle1'],['Vehicle1'],0.0,5,5,0.0
208046,[],[],[],"['D-140623B02', 'Depot', 'C-140623B02', 'D-140623B01', 'C-140623B01', 'C-140623B03', 'D-140623B03', 'C-140623B04', 'D-140623B04']",True,317.083,320.994,3.910999999999945,0 days 03:13:24,0 days 03:19:57,0.0,0 days 02:38:00,0 days 02:38:00,0.0,1,1,0.0,{'Vehicle1': datetime.timedelta(0)},{'Vehicle1': datetime.timedelta(0)},0.0,9,9,0.0,[],[],0.0,['Vehicle1'],['Vehicle1'],0.0,5,5,0.0
208068,[],[],[],"['D-140623B20', 'C-140623B22', 'C-140623B21', 'D-140623B23', 'Depot', 'C-140623B23', 'D-140623B22', 'C-140623B20', 'D-140623B21']",True,24.347,24.44,0.0929999999999999,0 days 00:29:11,0 days 00:29:34,0.0,0 days 03:06:02,0 days 02:06:02,0.0,1,1,0.0,{'Vehicle1': datetime.timedelta(0)},{'Vehicle1': datetime.timedelta(0)},0.0,9,9,0.0,[],[],0.0,['Vehicle1'],['Vehicle1'],0.0,5,5,0.0
208079,"['D-150623EF117', 'C-150623EF117']",[],[],"['D-150623EF122', 'C-150623EF130', 'C-150623EF123', 'C-150623EF122', 'C-150623EF128', 'D-150623EF128', 'C-150623EF120', 'C-150623EF119', 'D-150623EF116', 'C-150623EF125', 'D-150623EF115', 'C-150623EF116', 'C-150623EF129', 'C-150623EF118', 'D-150623EF123', 'D-150623EF121', 'D-150623EF119', 'D-150623EF125', 'D-150623EF131', 'C-150623EF124', 'C-150623EF121', 'Depot', 'D-150623EF126', 'C-150623EF126', 'D-150623EF129', 'C-150623EF131', 'D-150623EF124', 'C-150623EF115', 'C-150623EF127', 'D-150623EF127', 'D-150623EF118', 'D-150623EF120', 'D-150623EF130']",True,82.49300000000001,66.93700000000001,-15.555999999999996,0 days 01:38:58,0 days 01:18:33,0.0,0 days 04:44:30,0 days 04:27:00,0.0,1,1,0.0,{'Vehicle1': datetime.timedelta(0)},{'Vehicle1': datetime.timedelta(0)},0.0,35,33,-2.0,[],[],0.0,['Vehicle1'],['Vehicle1'],0.0,14,13,-1.0
